dow,narticles
Friday,23.708948280965874
Monday,22.335095360933735
Saturday,24.419524675434516
Sunday,13.281050450374254
Thursday,22.409840571742716
Tuesday,22.419566964096926
Wednesday,23.88924599314924
